id,id,policy_id,company_name
20,20,54,match.com
21,21,55,Google (2018 archive)
22,22,56,Facebook (2018 archive)
23,23,57,Google
54,54,107,Google.com
55,55,108,Youtube.com
56,56,109,Amazon.com
57,57,110,Facebook.com
58,58,111,Yahoo.com
59,59,112,Reddit.com
60,60,113,Zoom.us
61,61,114,Wikipedia.org
62,62,115,Ebay.com
63,63,116,Myshopify.com
64,64,117,Netflix.com
65,65,118,Bing.com
66,66,119,Office.com
67,67,120,Twitch.tv
68,68,121,Live.com
69,69,122,Chaturbate.com
70,70,123,Microsoft.com
71,71,124,Cnn.com
72,72,125,Instagram.com
73,73,126,Microsoftonline.com
74,74,127,Instructure.com
75,75,128,Nytimes.com
76,76,129,Zillow.com
77,77,130,Aliexpress.com
78,78,131,Apple.com
79,79,132,Walmart.com
80,80,133,Imgur.com
81,81,135,Tmall.com
82,82,136,Linkedin.com
83,83,137,Dropbox.com
84,84,138,Salesforce.com
85,85,139,Chase.com
86,86,140,Adobe.com
87,87,141,Etsy.com
88,88,142,Craigslist.org
89,89,143,Twitter.com
90,90,144,Force.com
91,91,145,Homedepot.com
92,92,146,Stackoverflow.com
93,93,147,Hulu.com
94,94,148,Okta.com
95,95,149,Patch.com
96,96,150,Qq.com
103,103,150,Qq.com
97,97,151,Pornhub.com
104,104,151,Pornhub.com
98,98,152,Imdb.com
105,105,152,Imdb.com
99,99,153,Sohu.com
106,106,153,Sohu.com
100,100,154,Msn.com
107,107,154,Msn.com
101,101,155,Amazonaws.com
108,108,155,Amazonaws.com
102,102,156,Spotify.com
109,109,156,Spotify.com
110,110,158,babycenter.com
111,111,159,bigtent.com
112,112,160,blogger.com
113,113,161,bolt.com
114,114,162,dailystrength.org
115,115,163,epernicus.com
116,116,164,filmaffinity.com
117,117,165,foursquare.com
118,118,166,gays.com
119,119,167,yammer.com
120,120,168,indabamusic.com
121,121,169,italki.com
122,122,170,zooppa.com
123,123,171,listography.com
124,124,172,us.mouthshut.com
125,125,173,my.opera.com
126,126,174,opendiary.com
127,127,175,researchgate.net
128,128,176,reverbnation.com
129,129,177,tumblr.com
130,130,178,cutestat.com
131,131,179,chemistry.com
132,132,180,eharmony.com
133,133,181,match.com
134,134,182,true.com
135,135,183,ashleymadison.com
136,136,183,ashleymadison.com
137,137,185,friendfinder.com
138,138,186,heremedia.com
139,139,187,mate1.com
140,140,188,wealthymen.com
141,141,189,christianmingle.com
142,142,190,jdate.com
143,143,191,spark.com
144,144,192,passion.com
145,145,193,millionairemate.com
146,146,194,metrodate.com
147,147,195,matchamerica.com
148,148,196,lovecity.com
149,149,197,greensingles.com
150,150,198,whitewomenblackmen.com
151,151,199,veggiedate.org
152,152,200,myspace.com
153,153,201,imdb.com
154,154,202,miniclip.com
155,155,203,slashdotmedia.com
156,156,204,filefront.com
157,157,205,dpreview.com
158,158,206,wordreference.com
159,159,208,slickdeals.net
160,160,209,newgrounds.com
161,161,210,ebaumsworld.com
162,162,211,ultimate-guitar.com
163,163,212,corp.ign.com
164,164,213,edmunds.com
165,165,214,us.playstation.com
166,166,215,arstechnica.com
167,167,216,namepros.com
168,168,217,somethingawful.com
169,169,218,gaiaonline.com
170,170,224,aboutus.disaboom.com
171,171,225,partnerup.com
172,172,226,stumbleupon.com
173,173,227,xt3.com
174,174,228,lavalife.com
175,175,229,planetpersonals.com
176,176,230,cbsinteractive.com
177,177,231,bodybuilding.com
178,178,232,india-forums.com
179,179,233,aq.com
180,180,234,vbulletin.com
181,181,235,dslreports.com
182,182,236,airliners.net
183,183,237,amd.com
184,184,238,simplemachines.org
185,185,239,purevolume.com
186,186,240,hardwarezone.com
187,187,241,wizards.com
188,188,242,webmediabrands.com
189,189,243,moneysavingexpert.com
190,190,244,twoplustwo.com
191,191,245,lonelyplanet.com
192,192,246,soundclick.com
193,193,247,macrumors.com
194,194,248,afterdawn.com
195,195,249,valvesoftware.com
196,196,250,videohelp.com
197,197,251,ubi.com
198,198,252,signonsandiego.com
199,199,253,23andme.com
200,200,254,abbott.com
201,201,255,washingtonpost.com
202,202,256,gamepedia.com
203,203,257,allrecipes.com
204,204,258,fool.com
205,205,259,theverge.com
206,206,260,steampowered.com
207,207,261,thehill.com
208,208,262,pbs.org
209,209,263,dictionary.com
210,210,264,theatlantic.com
211,211,265,gamestop.com
212,212,266,barnesandnoble.com
213,213,267,abita.com
214,214,268,adweek.com
215,215,269,allstate.com
216,216,270,archives.gov
217,217,271,basketball-reference.com
218,218,272,boardgamegeek.com
219,219,273,buffalowildwings.com
220,220,274,cariboucoffee.com
221,221,275,chicagomarathon.com
222,222,276,cincymuseum.org
223,223,277,citizen.org
224,224,278,coffeereview.com
225,225,279,communitycoffee.com
226,226,280,dailyillini.com
227,227,281,dailynews.com
228,228,282,dairyqueen.com
229,229,283,dcccd.edu
230,230,284,dogbreedinfo.com
231,231,285,drinksmixer.com
232,232,286,earthkam.org
233,233,287,essence.com
234,234,288,everydayhealth.com
235,235,289,fightingillini.com
236,236,290,foodallergy.org
237,237,291,fortune.com
238,238,292,fredericknewspost.com
239,239,293,freep.com
240,240,294,geocaching.com
241,241,295,gwdocs.com
242,242,296,hemmings.com
243,243,298,repec.org
244,244,299,ifsa-butler.org
245,245,300,ironhorsevineyards.com
246,246,301,jibjab.com
247,247,303,kraftrecipes.com
248,248,304,latinpost.com
249,249,305,lids.com
250,250,306,liquor.com
251,251,307,loc.gov
252,252,308,dailynews.com
253,253,309,dairyqueen.com
254,254,310,dcccd.edu
255,255,311,dogbreedinfo.com
256,256,312,drinksmixer.com
257,257,313,earthkam.org
258,258,314,essence.com
259,259,315,everydayhealth.com
260,260,316,fightingillini.com
261,261,317,foodallergy.org
262,262,318,fortune.com
263,263,319,fredericknewspost.com
264,264,320,freep.com
265,265,321,geocaching.com
266,266,322,gwdocs.com
267,267,323,hemmings.com
268,268,324,honda.com
269,269,325,repec.org
270,270,327,ironhorsevineyards.com
271,271,328,jibjab.com
272,272,330,kraftrecipes.com
273,273,331,latinpost.com
274,274,332,lids.com
275,275,334,loc.gov
276,276,335,lodgemfg.com
277,277,336,lynda.com
278,278,337,miaminewtimes.com
279,279,338,military.com
280,280,339,mlb.com
281,281,340,mohegansun.com
282,282,342,nationalzoo.si.edu
283,283,343,naturalnews.com
284,284,345,neworleansonline.com
285,285,346,news.yahoo.com
286,286,347,newsbusters.org
287,287,348,ocregister.com
288,288,349,opensecrets.org
289,289,350,post-gazette.com
290,290,351,primagames.com
291,291,352,redorbit.com
292,292,353,restaurantnews.com
293,293,354,rockstargames.com
294,294,355,sci-news.com
295,295,356,sciencemag.org
296,296,357,sltrib.com
297,297,358,solarviews.com
298,298,359,vogue.co.uk
299,299,360,tangeroutlet.com
300,300,361,taylorswift.com
301,301,362,ted.com
302,302,363,tgifridays.com
303,303,365,thefreedictionary.com
304,304,366,ticketmaster.com
305,305,367,tulsaworld.com
306,306,368,uh.edu
307,307,369,uptodate.com
308,308,370,usa.gov
309,309,371,vikings.com
310,310,372,washingtonian.com
311,311,373,wikitravel.org
312,312,374,wnep.com
313,313,375,wsmv.com
314,314,376,yardbarker.com
315,315,377,zacks.com
316,316,450,globalprivacy.astrazeneca.com
317,317,451,athletigen.com
318,318,459,cordlife.com
319,319,465,iubenda.com
320,320,467,ghocapital.com
321,321,480,en.novogene.com
322,322,483,optrahealth.com
323,323,487,phosphorus.com
324,324,493,sunquestinfo.com
325,325,495,toolboxgenomics.com
326,326,498,miragen.com
327,327,499,amazon.co.uk
328,328,500,ambrygen.com
329,329,501,bgi.com
330,330,502,bio-rad.com
331,331,503,cdc.gov
332,332,504,enpnetwork.com
333,333,505,centogene.com
334,334,506,cepheid.com
335,335,507,completegenomics.com
336,336,508,dnacenter.com
337,337,510,us.dantelabs.com
338,338,511,illumina.com
339,339,512,fabricgenomics.com
340,340,513,ge.com
341,341,515,coopergenomics.com
342,342,516,grail.com
343,343,517,helix.com
344,344,518,humanlongevity.com
345,345,519,ibm.com
346,346,520,invitae.com
347,347,521,kmbs.konicaminolta.us
348,348,522,mdxhealth.com
349,349,523,myriad.com
350,350,524,neogenomics.com
351,351,525,novartis.com
352,352,526,orig3n.com
353,353,529,pacb.com
354,354,530,perkinelmer.com
355,355,531,plumcarehealth.com
356,356,532,molecular.roche.com
357,357,533,sediabio.com
358,358,534,sequencing.com
359,359,535,usa.healthcare.siemens.com
360,360,536,thermofisher.com
361,361,538,nygenome.org
362,362,551,EU amazon.com
363,363,552,EU google.com
364,364,556,stein
365,365,557,stein
366,366,558,DeviantArt
367,367,561,Ning
368,368,562,Opera
369,369,563,CloudApp
370,370,564,Twitter
371,371,566,Amazon UK
372,372,567,Amazon UK
373,373,568,Bio-Rad
374,374,570,Bodybuilding.com
375,375,571,Tumblr
376,376,572,GeneSight
377,377,573,Siemens Healthineers Ireland
378,378,575,23andMe
379,379,576,Alere
380,380,577,CENTOGENE GmbH
381,381,578,Cooper Genomincs
382,382,579,Novartis Ireland
383,383,580,Allrecipes
384,384,581,Fortune
385,385,582,Yahoo Ireland
