,Amazon.com_1,xHamster's Free Porn Videos_2,webmediabrands.com/_3,completegenomics.com/_4,Twitter_5,LinkedIn_6,Pinterest_7,Chaturbate_8,Facebook_9,PornHub_10,XVideos_11,LiveJasmin.com_12,Digital Photography Review_13,sediabio.com/_14,about.crunchbase.com/_19,Abbott Laboratories_20,Salesforce.com_21,Salesforce.com_22,Baidu.com_23
v72.1_2020.1,,,,,,,,,,,,,,,,,,,
v72.2_2020.1,,,,,,,,,,,,,,,,,,,
v73_2020.1,,,,,,,,,,,,,,,,,,,
v74_2020.1,,,,,,,,,,,,,,,,,,,
v75_2020.1,,,,,,,,,,,,,,,,,,,
v76_2020.1,,,,,,,,,,,,,,,,,,,
v77_2020,,,,,,,,,,,,,,,,,,,
v78_2020.1,,,,,,,,,,,,,,,,,,,
v72_2020.1,,,,,,,,,,,,,,,,,,,
v80_2020.1,,,,,,,,,,,,,,,,,,,
v3_2020,,,,,,,,,,,,,,,,,,,
v10.1_2020,,,,,,,,,,,,,,,,,,,
v10.2_2020.1,,,,,,,,,,,,,,,,,,,
v11.1_2020,,,,,,,,,,,,,,,,,,,
v12_2020.1,,,,,,,,,,,,,,,,,,,
v13_2020.1,,,,,,,,,,,,,,,,,,,
v17_2020,,,,,,,,,,,,,,,,,,,
v18_2020,,,,,,,,,,,,,,,,,,,
v19_2020,,,,,,,,,,,,,,,,,,,
v32_2020,,,,,,,,,,,,,,,,,,,
v35_2020,,,,,,,,,,,,,,,,,,,
v36_2020,,,,,,,,,,,,,,,,,,,
v48_2020,,,,,,,,,,,,,,,,,,,
v20_2020.1,,,,,,,,,,,,,,,,,,,
v21_2020.1,,,,,,,,,,,,,,,,,,,
v22_2020.1,,,,,,,,,,,,,,,,,,,
v27_2020.1,,,,,,,,,,,,,,,,,,,
v28_2020,,,,,,,,,,,,,,,,,,,
v29_2020,,,,,,,,,,,,,,,,,,,
v31_2020,,,,,,,,,,,,,,,,,,,
v37_2020,,,,,,,,,,,,,,,,,,,
v38_2020.1,,,,,,,,,,,,,,,,,,,
v37.2_2020.1,,,,,,,,,,,,,,,,,,,
v39_2020,,,,,,,,,,,,,,,,,,,
v40_2020.1,,,,,,,,,,,,,,,,,,,
v47_2020.1,,,,,,,,,,,,,,,,,,,
v49_2020,,,,,,,,,,,,,,,,,,,
v51_2020,,,,,,,,,,,,,,,,,,,
v41_2020,,,,,,,,,,,,,,,,,,,
v42_2020,,,,,,,,,,,,,,,,,,,
v43_2020,,,,,,,,,,,,,,,,,,,
v44_2020,,,,,,,,,,,,,,,,,,,
v45_2020,,,,,,,,,,,,,,,,,,,
v46_2020,,,,,,,,,,,,,,,,,,,
v53_2020,,,,,,,,,,,,,,,,,,,
v54_2020,,,,,,,,,,,,,,,,,,,
v52_2020,,,,,,,,,,,,,,,,,,,
v55_2020,,,,,,,,,,,,,,,,,,,
v56_2020,,,,,,,,,,,,,,,,,,,
v57_2020,,,,,,,,,,,,,,,,,,,
v58_2020,,,,,,,,,,,,,,,,,,,
v59_2020,,,,,,,,,,,,,,,,,,,
v60_2020,,,,,,,,,,,,,,,,,,,
v61_2020,,,,,,,,,,,,,,,,,,,
v62_2020.1,,,,,,,,,,,,,,,,,,,
v63_2020,,,,,,,,,,,,,,,,,,,
v64_2020,,,,,,,,,,,,,,,,,,,
PP_in_TOU,,,,,,,,,,,,,,,,,,,
v71_2020.1,,,,,,,,,,,,,,,,,,,
v80.2_2020.1,,,,,,,,,,,,,,,,,,,
v80.3_2020.1,,,,,,,,,,,,,,,,,,,
v81_2020,,,,,,,,,,,,,,,,,,,
v82_2020,,,,,,,,,,,,,,,,,,,
v83_2020,,,,,,,,,,,,,,,,,,,
v2_2020_txt,,,,,,,,,,,,,,,,,,,
v0_2020.1,,,,,,,,,,,,,,,,,,,
v1_2020,,,,,,,,,,,,,,,,,,,
v2.1_2020,,,,,,,,,,,,,,,,,,,
v2.2_2020,,,,,,,,,,,,,,,,,,,
v2.3_2020.1,,,,,,,,,,,,,,,,,,,
v2.4_2020.1,,,,,,,,,,,,,,,,,,,
